{
    "menuItem": [
        {
            "menuName": "Lab 2",
            "menuDesc": "Resume",
            "menuURL": "Lab_2-09_22_2016/David_Ivey-Lab2.html"
        },
        {
            "menuName": "Lab 3",
            "menuDesc": "Website",
            "menuURL": "../../index.html"
        },
        {
            "menuName": "Lab 4",
            "menuDesc": "RSS/Atom",
            "menuURL": "../../blogs/blogs.html"
        },
        {
            "menuName": "Lab 5",
            "menuDesc": "Forms",
            "menuURL": "Lab_5-10_17_2016/lab5.html"
        },
        {
            "menuName": "Lab 6",
            "menuDesc": "Jquery",
            "menuURL": "Lab_6-10_24_2016/ITWS1100-F16-lab6-jQuery/lab6.html"
        }
    ]
}