<?xml version="1.0" encoding="UTF-8"?>
<?xml-stylesheet type="text/css" href="David_Ivey-Lab2part4.css"?>
<html:root_element xmlns:html="http://www.w3.org/1999/xhtml">
<MySongs>
  <song>
    <title>The Sound</title>
    <artist>The 1975</artist>
    <album>
      <html:a href="http://www.allmusic.com/album/i-like-it-when-you-sleep-for-you-are-so-beautiful-yet-so-unaware-of-it-mw0002906304">
      I Like It When You Sleep, for You Are So Beautiful Yet So Unaware of It
      </html:a>
    </album>
    <releasedate>2016</releasedate>
    <genre>Pop/Rock</genre>
    <cover>
      <html:img src="http://cps-static.rovicorp.com/3/JPG_500/MI0003/996/MI0003996968.jpg?partner=allrovi.com"/>
    </cover>
  </song>
  <song>
    <title>Don't Threaten Me With a Good Time</title>
    <artist>Panic! At the Disco</artist>
    <album>
      <html:a href="http://www.allmusic.com/album/death-of-a-bachelor-mw0002891900">
        Death of a Bachelor
      </html:a>
    </album>
    <releasedate>2016</releasedate>
    <genre>Pop/Rock</genre>
    <cover><html:img src="http://cps-static.rovicorp.com/3/JPG_500/MI0003/973/MI0003973324.jpg?partner=allrovi.com"/>
    </cover>
  </song>
  <song>
    <title>Follow you</title>
    <artist>Bring me the Horizon</artist>
    <album>
      <html:a href="http://www.allmusic.com/album/thats-the-spirit-mw0002865734">
        That's the Spirit
      </html:a>
    </album>
    <releasedate>2015</releasedate>
    <genre>Pop/Rock</genre>
    <cover>
      <html:img src="http://hwcdn.allmusic.com/release-covers/400/0004/443/0004443063.jpg"/>
    </cover>
  </song>
  <song>
    <title>Heathens</title>
    <artist>Twenty One Pilots</artist>
    <album>
      <html:a href="http://www.allmusic.com/album/heathens-mw0002956946">
        Suicide Squad Soundtrack
      </html:a>
    </album>
    <releasedate>2016</releasedate>
    <genre>Pop/Rock</genre>
    <cover>
      <html:img src="http://cps-static.rovicorp.com/3/JPG_500/MI0004/078/MI0004078517.jpg?partner=allrovi.com"/>
    </cover>
  </song>
  <song>
    <title>Hallejah</title>
    <artist>Jeff Buckley</artist>
    <album>
      <html:a href="http://www.allmusic.com/album/grace-mw0000624110">
        Grace
      </html:a>
    </album>
    <releasedate>1994</releasedate>
    <genre>Pop/Rock</genre>
    <cover>
      <html:img src="http://hwcdn.allmusic.com/release-covers/500/0000/146/0000146568.jpg"/>
    </cover>
  </song>
  <song>
    <title>Don't Fear the Reaper</title>
    <artist>Blue Oyster Cult</artist>
    <album>
      <html:a href="http://www.allmusic.com/album/agents-of-fortune-mw0000599232">
        Agents of Fortune
      </html:a>
    </album>
    <releasedate>1976</releasedate>
    <genre>Pop/Rock</genre>
    <cover>
      <html:img src="http://hwcdn.allmusic.com/release-covers/400/0001/242/0001242869.jpg"/>
    </cover>
  </song>
</MySongs>
</html:root_element>